代币符号,代币地址,24小时交易量,流动性,价格
WBNB,0xbb4CdB9CBd36B01bD1cBaEBF2De08d9173bc095c,561.77M,901.91M,$0.0000
USDT,0x55d398326f99059fF775485246999027B3197955,541.95M,519.35M,$0.0000
MUBARAK,0xC247c60cb21221C8d8EBcd3432b522A823668657,227.18M,1.11M,$0.0000
GUN,0x5e8E6124d5DD49Ea9aE8585f491346ec46726723,63.52M,1.32M,$0.0000
BTCB,0x7130d2A12B9BCbFAe4f2634d864A1Ee1Ce3Ead9c,55.23M,69.15M,$0.0000
USDC,0x8AC76a51cc950d9822D68b83fE1Ad97B32Cd580d,46.49M,78.92M,$0.0000
WETH,0x2170Ed0880ac9A755fd29B2688956BD959F933F8,32.49M,46.96M,$0.0000
CAKE,0x0E09FaBB73Bd3Ade0a17ECC321fD13a19e81cE82,21.38M,83.46M,$0.0000
BUSD,0xe9e7CEA3DedcA5984780Bafc599bD69ADd087D56,10.07M,74.94M,$0.0000
WKEYDAO,0x194B302a4b0a79795Fb68E2ADf1B8c9eC5ff8d1F,8.97M,33.09M,$0.0000
BOJACK,0x4867bbeD03C5bE5209A5C5D2c078E65B94EF10ed,4.68M,751.08K,$0.0000
RWA,0x3cFED764CFed47926AFd792a388823514135137f,4.09M,20.90M,$0.0000
XRP,0x1D2F0da169ceB9fC7B3144628dB156f3F6c60dBE,3.81M,7.77M,$0.0000
DOGE,0xbA2aE424d960c26247Dd6c32edC70B295c744C43,3.68M,4.70M,$0.0000
$BANANA,0x3d4f0513E8a29669B960f9dBcA61861548A9A760,3.66M,3.09M,$0.0000
SOL,0x570A5D26f7765Ecb712C0924E4De545B89fD43dF,3.58M,5.28M,$0.0000
MUBARAK,0x5C85D6C6825aB4032337F11Ee92a72DF936b46F6,3.31M,4.38M,$0.0000
BROCCOLI,0x6d5AD1592ed9D6D1dF9b93c793AB759573Ed6714,3.20M,6.09M,$0.0000
NVB,0x3595AfFf15A7ccaeeEb787Fd676f7A297319C24c,2.91M,16.11M,$0.0000
KOMA,0xd5eaAaC47bD1993d661bc087E15dfb079a7f3C19,2.35M,2.35M,$0.0000
GOT,0x701add4311E85c1f9C1549319fe2c476bc8a1b8b,2.23M,8.92M,$0.0000
CHEEMS,0x0DF0587216a4a1bB7d5082fdc491d93d2dD4B413,2.20M,10.96M,$0.0000
TUT,0xCAAE2A2F939F51d97CdFa9A86e79e3F085b799f3,2.14M,3.35M,$0.0000
FAIR3,0x6952c5408b9822295ba4a7e694d0C5FfDB8fE320,2.05M,724.21K,$0.0000
BROCCOLI,0x12B4356C65340Fb02cdff01293F95FEBb1512F3b,1.55M,1.68M,$0.0000
NALS,0xEd7d739f67021CDEA1f81BFF7202539C6b984Fb4,1.45M,498.92K,$0.0000
ACT,0x9F3BCBE48E8b754F331Dfc694A894e8E686aC31D,1.41M,1.51M,$0.0000
H,0x63bf091DE00F84421FeADd9c2f6A62467D87Ab08,1.30M,2.60M,$0.0000
FORM,0x5b73A93b4E5e4f1FD27D8b3F8C97D69908b5E284,1.30M,1.84M,$0.0000
SOLVBTC,0x4aae823a6a0b376De6A78e74eCC5b079d38cBCf7,1.24M,6.81M,$0.0000
QWT,0x5F3665656B1617dD408a465A209725504F0D2630,1.15M,539.69K,$0.0000
FIST,0xC9882dEF23bc42D53895b8361D0b1EDC7570Bc6A,1.10M,6.00M,$0.0000
AIA,0x1F50f6DBA0Fbf09316c3baEB64181d6050A7eb99,1.08M,547.59K,$0.0000
KILO,0x503Fa24B7972677F00C4618e5FBe237780C1df53,1.04M,2.32M,$0.0000
H,0xe6BFF2341593c8e8e398F39E568f594e97362819,1.01M,504.25K,$0.0000
ARB,0x39a355Fb6d6AaAE6DAC14f8f4EBEa0084E3D4184,967.38K,535.23K,$0.0000
NRN,0x2BB3CC7056448ffB64e671fc7bec351127B3782d,945.95K,565.24K,$0.0000
TTC,0x8001663146c36e8f018276BaB156d5e6187716f5,944.88K,514.34K,$0.0000
SST,0x09e1B99213Ce54F7c880BCEdB97a635D326F299c,882.59K,577.83K,$0.0000
SLC,0xA1A72C70565B501764A28e323202CD3780B9939B,872.76K,535.11K,$0.0000
AFT,0xaBd834A7823567673e1Ac07635d5D9857b34A8d3,852.39K,528.25K,$0.0000
ARG,0xA292D56cc6E2fCFf7B06E0C2238ba425fa6700F0,832.20K,894.61K,$0.0000
BABYDOGE,0xc748673057861a797275CD8A068AbB95A902e8de,769.52K,24.92M,$0.0000
AXLUSDC,0x4268B8F0B87b6Eae5d897996E6b845ddbD99Adf3,759.21K,583.22K,$0.0000
KRRX,0x013Fae7D5c61668B50F0651EB4e82F82A84aB9dE,724.46K,717.12K,$0.0000
ADA,0x3EE2200Efb3400fAbB9AacF31297cBdD1d435D47,713.09K,3.63M,$0.0000
TST,0x86Bb94DdD16Efc8bc58e6b056e8df71D9e666429,684.84K,2.16M,$0.0000
UNX,0x4F0572cA0BF96F5ae17B7062D97ceA3f35BDeA6f,677.48K,1.31M,$0.0000
COW,0x7aAAA5B10f97321345ACd76945083141bE1C5631,676.81K,1.66M,$0.0000
CICI,0x7Ce93CAf648b0b6285A7389C2505FAF039E90d0D,625.76K,1.07M,$0.0000
CGPT,0x9840652DC04fb9db2C43853633f0F62BE6f00f98,621.21K,1.42M,$0.0000
MCC,0x700735317e1af4687C17F5C30E11a74778395922,616.87K,4.57M,$0.0000
ZSD,0xB1FCF3c62E516a11d7f0E800D99F81720d9FeCcC,601.54K,669.43K,$0.0000
CAT,0x6894CDe390a3f51155ea41Ed24a33A4827d3063D,598.84K,9.35M,$0.0000
THE,0xF4C8E32EaDEC4BFe97E0F595AdD0f4450a863a11,598.55K,2.57M,$0.0000
MYROWIF,0xe317970dFE67D112DA0dAcfbF893836b10aAD180,586.17K,513.50K,$0.0000
XPOW,0x25Ea5DC28E9193144E2a44B871AAC13cf7eFfd6C,585.71K,784.30K,$0.0000
SAFE,0x4d7Fa587Ec8e50bd0E9cD837cb4DA796f47218a1,566.16K,2.03M,$0.0000
DEXE,0x6E88056E8376Ae7709496Ba64d37fa2f8015ce3e,560.12K,890.02K,$0.0000
SNBNB,0xB0b84D294e0C75A6abe60171b70edEb2EFd14A1B,555.67K,6.45M,$0.0000
SIREN,0x997A58129890bBdA032231A52eD1ddC845fc18e1,497.46K,2.00M,$0.0000
BR,0xFf7d6A96ae471BbCD7713aF9CB1fEeB16cf56B41,476.47K,2.68M,$0.0000
FDUSD,0xc5f0f7b66764F6ec8C8Dff7BA683102295E16409,471.72K,899.79K,$0.0000
SPA,0xE26a492cED210bD84e11147e8AeC84B23390f22e,446.88K,1.13M,$0.0000
PARTI,0x59264f02D301281f3393e1385c0aEFd446Eb0F00,446.37K,4.72M,$0.0000
XXM,0x1cC0Eda3ae70a4B8B6B72C9BEc35ac20731005BE,418.14K,1.18M,$0.0000
BURN,0x19c018e13CFf682e729CC7b5Fb68c8A641bf98A4,406.71K,1.84M,$0.0000
HOPE,0x17480b68F3E6c8B25574e2db07BFEB17C8faa056,406.09K,2.20M,$0.0000
BNX,0x8C851d1a123Ff703BD1f9dabe631b69902Df5f97,388.25K,7.57M,$0.0000
RACA,0x12BB890508c125661E03b09EC06E404bc9289040,369.20K,4.79M,$0.0000
WHALE,0x96e8d3a52Dd950AaCC8d1749932e1C14BC76e371,338.25K,1.40M,$0.0000
LINK,0xF8A0BF9cF54Bb92F17374d9e9A321E6a111a51bD,334.95K,1.88M,$0.0000
FLOKI,0xfb5B838b6cfEEdC2873aB27866079AC55363D37E,334.55K,13.54M,$0.0000
MP,0x1cA18E076135845b3ef1aFb2408C706E0a355A95,333.82K,1.34M,$0.0000
TCASH,0x87C38c7e31abCF35910fD32D30bE8b848aEf48bD,333.72K,3.34M,$0.0000
AIT,0x517F03AA4E1487e0B4eab77a97A332725D22096f,329.50K,923.72K,$0.0000
CKP,0x2B5D9ADea07B590b638FFc165792b2C610EdA649,328.39K,1.84M,$0.0000
1PIECE,0xF263cC32caED261A819713f3Dcc494A96c3e5111,313.85K,5.37M,$0.0000
PXETH,0x300d2c875C6fb8Ce4bf5480B4d34b7c9ea8a33A4,304.30K,952.70K,$0.0000
VOW,0xF585B5b4f22816BAf7629AEA55B701662630397b,297.63K,696.34K,$0.0000
TWT,0x4B0F1812e5Df2A09796481Ff14017e6005508003,281.88K,1.61M,$0.0000
EDE,0xD81434EECA3C4e35eC4d0fEb91ab2Ce84303cdE3,261.73K,514.44K,$0.0000
DAI,0x1AF3F329e8BE154074D8769D1FFa4eE058B1DBc3,257.36K,2.99M,$0.0000
XVS,0xcF6BB5389c92Bdda8a3747Ddb454cB7a64626C63,255.96K,3.54M,$0.0000
FIL,0x0D8Ce2A99Bb6e3B7Db580eD848240e4a0F9aE153,253.53K,703.39K,$0.0000
APX,0x78F5d389F5CDCcFc41594aBaB4B0Ed02F31398b3,249.30K,6.47M,$0.0000
USDX,0xf3527ef8dE265eAa3716FB312c12847bFBA66Cef,244.45K,2.12M,$0.0000
WSTETH,0x26c5e01524d2E6280A48F2c50fF6De7e52E9611C,226.93K,1.16M,$0.0000
PIZZA,0x1F43d2f16b598aF110B75BB2FAB6ceb362577B3A,214.12K,1.25M,$0.0000
XTER,0x103071Da56e7cD95b415320760D6a0dDC4DA1ca5,206.65K,1.54M,$0.0000
TOKEN,0x4507cEf57C46789eF8d1a19EA45f4216bae2B528,199.06K,3.19M,$0.0000
AIOZ,0x33d08D8C7a168333a85285a68C0042b39fC3741D,192.87K,1.84M,$0.0000
BROCCOLI,0x23D3F4EaaA515403C6765bb623F287a8Cca28F2b,191.69K,821.05K,$0.0000
MIAO,0xE87739E3494aE2AFe555CDD46Df45050Cc709522,190.04K,1.11M,$0.0000
TONCOIN,0x76A797A59Ba2C17726896976B7B3747BfD1d220f,189.91K,685.12K,$0.0000
BABYNEIRO,0x6CDd08dE79231a1957f205a3fe5cF9DBf4B0c454,188.04K,602.24K,$0.0000
AGI,0x818835503F55283cd51A4399f595e295A9338753,180.18K,775.66K,$0.0000
MBOX,0x3203c9E46cA618C8C1cE5dC67e7e9D75f5da2377,179.98K,4.12M,$0.0000
HAY,0x0782b6d8c4551B9760e74c0545a9bCD90bdc41E5,179.24K,2.54M,$0.0000
BNX,0x5b1f874d0b0C5ee17a495CbB70AB8bf64107A3BD,174.10K,661.35K,$0.0000
PENDLE,0xb3Ed0A426155B79B898849803E3B36552f7ED507,172.52K,1.15M,$0.0000
OHT,0x8EB90Ab37b1eB153db12AAD7edEEb6bF51D44701,164.04K,817.90K,$0.0000
LAF,0x3BEC20CA77e100C50ef0d0066f4c2B348e615F48,159.05K,4.05M,$0.0000
PEPE,0x25d887Ce7a35172C62FeBFD67a1856F20FaEbB00,153.89K,610.75K,$0.0000
BABYMOVE,0x9767324c5228abFf7ca7E452B685a7Fa9533F1b4,148.72K,812.38K,$0.0000
AITECH,0x2D060Ef4d6BF7f9e5edDe373Ab735513c0e4F944,147.98K,962.95K,$0.0000
TRX,0xCE7de646e7208a4Ef112cb6ed5038FA6cC6b12e3,145.00K,1.01M,$0.0000
BMT,0x7d814b9eD370Ec0a502EdC3267393bF62d891B62,144.42K,3.75M,$0.0000
UNI,0xBf5140A22578168FD562DCcF235E5D43A02ce9B1,144.38K,1.89M,$0.0000
INFINITY,0x6e9cE8B719584E95667937F3711eeD81fD861666,141.12K,1.97M,$0.0000
MGC,0xbb73BB2505AC4643d5C0a99c2A1F34B3DfD09D11,140.61K,92.43M,$0.0000
WNEAR,0x1Fa4a73a3F0133f0025378af00236f3aBDEE5D63,140.04K,520.16K,$0.0000
KXG,0xD723f2aEA80d1620864ac059F34f168fa223B2f1,138.24K,1.29M,$0.0000
GOUT,0xF86AF2FBcf6A0479B21b1d3a4Af3893F63207FE7,137.61K,573.26K,$0.0000
FSP,0xdC84096074269d8F304D476124101249d105b60d,137.26K,5.42M,$0.0000
MILO,0xd9dE2B1973E57Dc9DBA90c35d6Cd940ae4A3CBe1,135.27K,1.57M,$0.0000
WVPC,0x7497427Eaa9c99D6084eDa6E722ADf5eec8491f8,129.81K,2.18M,$0.0000
FORT,0x5cFbde31a325A0eF87426489A13271e83CA5c137,129.40K,748.72K,$0.0000
BADAI,0x36F5675029E129B5fCaBb29eC750ed268520AcF7,126.36K,1.11M,$0.0000
SQUID,0x87230146E138d3F296a9a77e497A2A83012e9Bc5,120.38K,915.81K,$0.0000
WBTC,0x0555E30da8f98308EdB960aa94C0Db47230d2B9c,119.05K,1.22M,$0.0000
KLKO,0x215324115417a13879f865Dc5BB651B18A781a59,117.08K,1.07M,$0.0000
TUSD,0x40af3827F39D0EAcBF4A168f8D4ee67c121D11c9,116.84K,1.08M,$0.0000
NMT,0x03AA6298F1370642642415EDC0db8b957783e8D6,115.00K,3.24M,$0.0000
SUSDX,0x7788A3538C5fc7F9c7C8A74EAC4c898fC8d87d92,111.03K,1.06M,$0.0000
DOGE,0x4206931337dc273a630d328dA6441786BfaD668f,107.97K,3.53M,$0.0000
UPY,0xB849C4d843769d42812fb600B1Bcc8a6ba843466,107.09K,557.71K,$0.0000
SFUND,0x477bC8d23c634C154061869478bce96BE6045D12,103.42K,3.94M,$0.0000
DAO,0x4d2d32d8652058Bf98c772953E1Df5c5c85D9F45,101.00K,914.32K,$0.0000
COOKIE,0xC0041EF357B183448B235a8Ea73Ce4E4eC8c265F,97.74K,697.87K,$0.0000
DOT,0x7083609fCE4d1d8Dc0C979AAb8c869Ea2C873402,97.54K,1.35M,$0.0000
PIRATE,0xaFCC12e4040615E7Afe9fb4330eB3D9120acAC05,94.84K,892.76K,$0.0000
COCO,0xF563E86e461dE100CfCfD8b65dAA542d3d4B0550,94.73K,1.17M,$0.0000
AVAX,0x1CE0c2827e2eF14D5C4f29a091d735A204794041,91.06K,725.01K,$0.0000
MGP,0xD06716E1Ff2E492Cc5034c2E81805562dd3b45fa,86.37K,774.35K,$0.0000
LISTA,0xFceB31A79F71AC9CBDCF853519c1b12D379EdC46,86.23K,1.37M,$0.0000
LTC,0x4338665CBB7B2485A8855A139b75D5e34AB0DB94,84.39K,1.10M,$0.0000
LUCA,0x51E6Ac1533032E72e92094867fD5921e3ea1bfa0,83.03K,1.34M,$0.0000
METFI,0x3E7f1039896454B9cb27c53CC7383e1AB9D9512a,82.74K,1.79M,$0.0000
ALU,0x8263CD1601FE73C066bf49cc09841f35348e3be0,76.13K,816.57K,$0.0000
FAIR,0x3E290e20d5C207523F53fa384aD87D69cc543f21,76.06K,579.80K,$0.0000
SHIB,0x2859e4544C4bB03966803b044A93563Bd2D0DD4D,75.17K,1.25M,$0.0000
FRAX,0x90C97F71E18723b0Cf0dfa30ee176Ab653E89F40,71.93K,538.57K,$0.0000
QUACK,0xD74b782E05AA25c50e7330Af541d46E18f36661C,66.69K,2.13M,$0.0000
WHY,0x9eC02756A559700d8D9e79ECe56809f7bcC5dC27,66.53K,8.83M,$0.0000
BRSK,0x3CA86227283f946f4c48448Eb8Cb1800fb5e01d3,66.38K,540.50K,$0.0000
M1,0x0B7F41d1F87646DfB78A0F5F99A8cef7d03d6DE9,64.13K,788.70K,$0.0000
CMSC,0xd56b3d78c659a2DBfE15A42CfD1e75548a667788,62.40K,871.77K,$0.0000
ZKSYNC,0xd27aaeead8FdE08Ba292c1E08f53a14c00e7f7c8,61.97K,1.18M,$0.0000
OM,0xF78D2e7936F5Fe18308A3B2951A93b6c4a41F5e2,61.04K,1.54M,$0.0000
BID,0xa1832f7F4e534aE557f9B5AB76dE54B1873e498B,60.13K,1.21M,$0.0000
MCAKE,0x581FA684D0Ec11ccb46B1d92F1F24C8A3F95C0CA,58.28K,820.59K,$0.0000
ORBI,0xC920a4d531E33f31Fdc4ED84EE9688785bEBf5b5,57.81K,1.75M,$0.0000
CELL,0xd98438889Ae7364c7E2A3540547Fad042FB24642,57.47K,541.88K,$0.0000
PAI,0x13a5c811093dd001C328b59a0CC9deC88951F042,57.41K,688.78K,$0.0000
SWFTC,0xE64E30276C2F826FEbd3784958d6Da7B55DfbaD3,56.73K,552.48K,$0.0000
RDNT,0xf7DE7E8A6bd59ED41a4b5fe50278b3B7f31384dF,52.25K,1.50M,$0.0000
QANX,0xAAA9214F675316182Eaa21C85f0Ca99160CC3AAA,51.46K,638.05K,$0.0000
LUSD,0x5bb4d589467c25A5Ac8db930372dc5dA30C3410E,49.69K,867.86K,$0.0000
BSKT,0x4Dd1984a706E1c2C227bea67AD2F92dbdE30AfCE,49.14K,673.08K,$0.0000
PANDAX,0x5D2889645b1524e6D75835864Ab765e85aD0Fb7b,47.23K,643.57K,$0.0000
MONKY,0x59E69094398AfbEA632F8Bd63033BdD2443a3Be1,45.38K,1.74M,$0.0000
BSW,0x965F527D9159dCe6288a2219DB51fc6Eef120dD1,45.16K,970.72K,$0.0000
CRT,0xC96015e942aa991ca28f51415DA0c9c6404e3851,44.35K,1.27M,$0.0000
SFP,0xD41FDb03Ba84762dD66a0af1a6C8540FF1ba5dfb,43.02K,1.97M,$0.0000
HONOR,0x4CFAC133438b25C22434ed56106EAF8503EC65eA,36.97K,669.73K,$0.0000
NSP,0xf194f3aCD874f004b809713A5997DdC8C9F6dCe2,36.48K,1.08M,$0.0000
TRC,0x58Bfa4398b3eF5E3672f32816c345aff7940E90C,36.19K,1.00M,$0.0000
LUCIC,0xE054017a2F0ECFa294b08a74AF319bce0b985A39,33.82K,1.68M,$0.0000
SE,0x6Ca2DAf52ea6C7c0734dd3c77AAb2e9813130AEA,32.12K,1.81M,$0.0000
PANDA,0x69635F1C95896622Ee493E1bFC28b99973D42B2d,31.98K,511.07K,$0.0000
BAKE,0xE02dF9e3e622DeBdD69fb838bB799E3F168902c5,31.19K,845.61K,$0.0000
FGD,0x0566B9a8fFb8908682796751EEd00722da967Be0,30.91K,1.19M,$0.0000
C98,0xaEC945e04baF28b135Fa7c640f624f8D90F1C3a6,26.48K,530.99K,$0.0000
CBET,0xc212D39E35F22F259457bE79Fc2D822FA7122e6e,26.26K,2.86M,$0.0000
HELLO,0x0F1cBEd8EFa0E012AdbCCB1638D0aB0147D5Ac00,25.69K,1.15M,$0.0000
INJ,0xa2B726B1145A4773F68593CF171187d8EBe4d495,25.52K,576.92K,$0.0000
ABRA,0xcA1c644704feBf4ab81f85daca488d1623C28e63,25.51K,643.19K,$0.0000
DA,0xeafa30694C1fFC801b8f484E4912d161ffDcf840,24.18K,4.35M,$0.0000
BRISE,0x8FFf93E810a2eDaaFc326eDEE51071DA9d398E83,23.82K,1.02M,$0.0000
YFSX,0xB7eC60CF8EF96eD48b119277BC7a954A87f27388,22.99K,6.43M,$0.0000
PVC,0x75ca521892DE7f2ecFB070Cab545c250d0cEB7e3,22.12K,2.49M,$0.0000
MBTC,0x7c1cCA5b25Fa0bC9AF9275Fb53cBA89DC172b878,22.07K,860.16K,$0.0000
TGW,0x80C260cd80d8a2855b554A7d5001BD06421a6fd4,21.95K,5.01M,$0.0000
MOS,0xc9C8050639c4cC0DF159E0e47020d6e392191407,20.43K,8.73M,$0.0000
SQV,0x2383596EFa3A0fc13EfdCd776410deFf25017417,20.07K,782.29K,$0.0000
KOGE,0xe6DF05CE8C8301223373CF5B969AFCb1498c5528,19.92K,4.86M,$0.0000
BFG,0xBb46693eBbEa1aC2070E59B4D043b47e2e095f86,19.85K,1.58M,$0.0000
IDN,0x1557E0cBEB70d8692F1d30f79E32079B2f888888,19.82K,1.57M,$0.0000
TRUNK,0xdd325C38b12903B727D16961e61333f4871A70E0,18.40K,4.86M,$0.0000
VIN,0x85E43bF8faAF04ceDdcD03d6C07438b72606a988,17.52K,5.98M,$0.0000
WFTM,0xAD29AbB318791D579433D831ed122aFeAf29dcfe,16.57K,545.25K,$0.0000
BTG,0x9999D7EE1535cC420064C6465C7bb2C9d4ab913b,16.13K,1.08M,$0.0000
HFH,0xCb7f73bFb32F573a255534815429627ebb1547D5,16.05K,780.37K,$0.0000
PIN,0xc338156c9d47B1fC7d0Bcdc411A8dE3938918458,16.01K,2.05M,$0.0000
BETH,0x250632378E573c6Be1AC2f97Fcdf00515d0Aa91B,15.97K,1.87M,$0.0000
WBETH,0xa2E3356610840701BDf5611a53974510Ae27E2e1,15.56K,2.17M,$0.0000
FSD,0xeFD29dfd2876cEdFbD29b762d8595c8EDA39Afcd,15.39K,750.61K,$0.0000
SQUID,0xbB8203e945866A1f3Eced6e5B22679E5A540be91,14.43K,1.22M,$0.0000
TPT,0xECa41281c24451168a37211F0bc2b8645AF45092,14.35K,574.23K,$0.0000
LEMX,0x2Da91257961b87e69Fa13b2e20931D517dc97597,14.17K,1.20M,$0.0000
BKOK,0x9cc484ded7a7851a03f05a03e8d19EB5F5a73f20,13.85K,663.01K,$0.0000
TRX,0x85EAC5Ac2F758618dFa09bDbe0cf174e7d574D5B,13.47K,1.03M,$0.0000
REALESTATE,0x32477Cf0e324F9A9cb49E8803fa4dE9f80F8d0D4,12.72K,5.24M,$0.0000
COPI,0xFeA292e5ea4510881bDB840E3CeC63aBd43f936f,11.62K,849.56K,$0.0000
TAROT,0x982E609643794a31A07F5C5b142DD3a9cF0690be,11.27K,1.00M,$0.0000
OMG,0xE94444Ba62208431a27C764E2e28794e81f5B235,10.71K,5.84M,$0.0000
DPG,0xF8a2ad73017609F36E67440D10601a50dcBC2E22,10.70K,552.31K,$0.0000
JMPT,0x88D7e9B65dC24Cf54f5eDEF929225FC3E1580C25,10.06K,984.61K,$0.0000
KAT,0x6cAA245B6aAf72A8CdacA77f144BF2DF7aF9774e,10.03K,496.73K,$0.0000
TOMATO,0xF0d65cE6f671813b1368A7D886f6764886A42EdE,10.00K,488.49K,$0.0000
RZUSD,0xC4A1cc5cA8955a4650BDC109bddf110E33a1e344,9.99K,1.67M,$0.0000
HERO,0xD40bEDb44C081D2935eebA6eF5a3c8A31A1bBE13,9.56K,9.78M,$0.0000
SLT,0x28ba6Ef35f27f1eD3873cc788698d2DDb28D2a82,9.07K,710.98K,$0.0000
BULL,0x7FF191c55C282B2057bC92D4DcfE57BAFd0C6b19,8.69K,1.78M,$0.0000
SPS,0x1633b7157e7638C4d6593436111Bf125Ee74703F,8.53K,857.00K,$0.0000
FLIGHT,0xF397680d99A92E4B60637E9f5C71a4deF1f6c7b5,7.76K,543.08K,$0.0000
GLG,0xC0EdcDdd6d5417c22467e3d5642Efa1820E454f8,7.75K,1.44M,$0.0000
VOLT,0x7f792db54B0e580Cdc755178443f0430Cf799aCa,7.48K,1.33M,$0.0000
MOST,0x48c6B2A82A21230347b70ceAdA249208C0920412,7.21K,641.30K,$0.0000
SAAS,0x350e52BB0F874f3B558A3679aac24268Ee37A699,7.19K,505.81K,$0.0000
LB,0xE7a64C6EF6b4173A36518c36b7379AAeb6A7Df8D,7.17K,968.25K,$0.0000
GFAL,0x47c454cA6be2f6DEf6f32b638C80F91c9c3c5949,7.11K,697.70K,$0.0000
PUMP,0x22b4fA9a13A0D303Ad258Ee6D62A6ac60364B0C9,6.85K,924.58K,$0.0000
PMT,0x68Ae2F202799be2008c89e2100257e66F77DA1f3,6.79K,1.52M,$0.0000
ASDIC,0xFC6f27F40Cc9B4D8F23239465b208052BB4D3B0c,6.72K,2.91M,$0.0000
HHB,0xF185E167a9d0F6518d303F515fF62772a6381D4b,6.06K,825.10K,$0.0000
STAR10,0x8B9ABDD229ec0C4A28E01b91aacdC5dAAFc25C2b,6.05K,518.48K,$0.0000
IDIA,0x0b15Ddf19D47E6a86A56148fb4aFFFc6929BcB89,5.94K,578.57K,$0.0000
VAI,0x4BD17003473389A42DAF6a0a729f6Fdb328BbBd7,5.69K,701.75K,$0.0000
BNBTIGER,0xAC68931B666E086E9de380CFDb0Fb5704a35dc2D,5.48K,868.54K,$0.0000
JEWELRY,0xf04FaB6Dda66261eaBfD65e92A6b81dDaF6a950a,4.97K,5.39M,$0.0000
SBS,0x781E1F621f80D45881439Ac1f745145DbA48F365,4.65K,723.36K,$0.0000
WSHIB,0xFcBF8568AE98Ec91Cc360e1E216008C91A045B91,4.34K,760.00K,$0.0000
INSURANCE,0x64E4fea6e4F3637025c7Bcd878E2B238B01f7D4e,4.33K,7.23M,$0.0000
PIT,0xA57ac35CE91Ee92CaEfAA8dc04140C8e232c2E50,4.31K,6.34M,$0.0000
RZ,0x6BC5AbCc56874D7fACb90C2c3812cc19aAf9B204,4.23K,5.20M,$0.0000
XDOGE,0x4c0415A6e340eCCebff58131799C6c4127cc39FA,4.09K,757.20K,$0.0000
10SET,0x1AE369A6AB222aFF166325B7b87Eb9aF06C86E57,3.89K,1.49M,$0.0000
BSCPAD,0x5A3010d4d8D3B5fB49f8B6E57FB9E48063f16700,3.71K,698.68K,$0.0000
GUARD,0xF606bd19b1E61574ED625d9ea96C841D4E247A32,3.63K,854.73K,$0.0000
LAND,0xA73164DB271931CF952cBaEfF9E8F5817b42fA5C,3.62K,679.60K,$0.0000
MOONLIGHT,0xB1CeD2e320E3f4C8e3511B1DC59203303493F382,3.57K,1.66M,$0.0000
SPACEPI,0x69b14e8D3CEBfDD8196Bfe530954A0C226E5008E,3.42K,1.41M,$0.0000
BOSS,0x49324d59327fB799813B902dB55b2a118d601547,3.22K,808.26K,$0.0000
CMCC,0x7BB5262c88543218e5003F794Ae0A82224A3dAba,2.94K,507.73K,$0.0000
AIO,0x0940C64159c98311CcCc938de791Ff2a6655D3Df,2.88K,698.30K,$0.0000
BDOGITO,0xD10d6F1d4b905b67735a62079743723E6f3C19C3,2.42K,512.91K,$0.0000
FOMO,0x40aa15935Bbe68D2A581b0D0244B5dcACd4BFB5e,2.23K,1.04M,$0.0000
CAR,0xBB1106c7dEb7cC60EfA51391760b14aEd8CB5BEd,2.21K,4.79M,$0.0000
FTC,0x04F46CDfE8DD348E41902eEF1aFF19AcE1661F4c,2.14K,1.08M,$0.0000
NEWB,0x545f90dC35CA1e6129f1fEd354b3e2DF12034261,2.13K,508.71K,$0.0000
AXLLQDR,0x4b6B3d425F82248996D77EcC3F3df1E500aaC1db,2.07K,538.68K,$0.0000
TRIP,0xC9Bfb93d75645c4681BB63794ABf1acAD44725e7,1.90K,3.97M,$0.0000
UMI,0xC825E3eb47D82877988BF6669E49FDcb6F1A269F,1.86K,1.11M,$0.0000
ASS,0x7c63F96fEAFACD84e75a594C00faC3693386FBf0,1.81K,11.46M,$0.0000
INDUSTRIAL,0x9e06E1203BdC3747eE3Ab5fa9488619BcF2A2666,1.66K,4.92M,$0.0000
GYRO,0x1B239ABe619e74232c827FBE5E49a4C072bD869D,1.65K,1.10M,$0.0000
FSV,0xE9c7a827a4bA133b338b844C19241c864E95d75f,1.65K,1.84M,$0.0000
ETN,0xe7054A3FDD4e90B111b103221aD1FdA01c454875,1.62K,680.45K,$0.0000
LBTC,0xecAc9C5F704e954931349Da37F60E39f515c11c1,1.57K,2.05M,$0.0000
WINC,0xa9898D6C64162e6232808Ba55202383E8715Eda3,1.45K,1.08M,$0.0000
XUSD,0xF81aC2E1A0373ddE1BcE01E2Fe694a9b7E3bfcB9,1.07K,1.00M,$0.0000
BABYBONK,0xBb2826Ab03B6321E170F0558804F2B6488C98775,1.06K,594.47K,$0.0000
GOPIE-CZ,0x9F7a251cF9Ff8E2cE29aAe854f3edE02B3a40922,1.01K,816.83K,$0.0000
 PATEK,0xb4e65d7038d1f600138A3Ea0F9eA42258F32677B,951.09,4.52M,$0.0000
SHELL ,0x6CB625Ea79BAa5656b9feF6A0bEA110A91aB54FF,951.09,4.47M,$0.0000
 CARTIER,0x11000B7A01f18E763b3F8def9C1bf490522725bB,950.78,3.99M,$0.0000
STRSWAP,0x32936487146a03aBc704Bf640332460c99612b77,949.31,4.57M,$0.0000
ROLLSROYCE,0x11A55CDA744B7421c95C55c03C2450B83EFa9e31,949.31,4.50M,$0.0000
RZW,0x11F51C2E620981ABF055Ff0cADAdfF24C8cEF827,949.31,4.10M,$0.0000
LIFE,0x488535E0A2503252798F381b2Df08A6280e994B2,948.33,4.16M,$0.0000
HKT,0x39ea7d26a53FAC2DA406cC85daF843CEe3777fc0,896.41,624.24K,$0.0000
ZOON,0x9D173E6c594f479B4d47001F8E6A95A7aDDa42bC,796.38,740.43K,$0.0000
PIG,0x8850D2c68c632E3B258e612abAA8FadA7E6958E5,785.56,7.90M,$0.0000
EFT,0xB72962568345253f71A18318D67E13A282b187E6,731.15,688.64K,$0.0000
POOCOIN,0xB27ADAfFB9fEa1801459a1a81B17218288c097cc,618.92,995.22K,$0.0000
BNBX,0x1bdd3Cf7F79cfB8EdbB955f20ad99211551BA275,565.51,1.55M,$0.0000
YNBNBX,0x32C830f5c34122C6afB8aE87ABA541B7900a2C5F,550.12,1.13M,$0.0000
BEACH,0x4f4543Fa5F7FE28a7758ef43FeA71d11fCCDAD5c,528.41,656.50K,$0.0000
YOOSHI,0x02fF5065692783374947393723dbA9599e59F591,521.78,1.04M,$0.0000
IMPACT,0x1ec5da0f1e43EF6802DE631A1323a37E7b530B2b,516.04,655.83K,$0.0000
NUSA,0xe11F1D5EEE6BE945BeE3fa20dBF46FeBBC9F4A19,507.64,570.91K,$0.0000
ETERNAL,0xD44FD09d74cd13838F137B590497595d6b3FEeA4,494.58,947.98K,$0.0000
CENX,0x739e81BCd49854d7BDF526302989f14A2E7994B2,493.71,564.06K,$0.0000
QMX,0xFdeDf0a4B16E8891F1D33a0513833510779eFee7,450.61,554.29K,$0.0000
CCDS,0xBFd48CC239bC7e7cd5AD9F9630319F9b59e0B9e1,443.14,1.95M,$0.0000
AMT,0x6Ae0A238a6f51Df8eEe084B1756A54dD8a8E85d3,424.60,576.05K,$0.0000
TOOL,0xf6978b7eC71Fb7fa70fDb21fd8DBA1f6A7056458,409.31,634.74K,$0.0000
REVO,0xAab09b5cd1694d12c8c980306f5E2f5d65b00E1C,406.60,490.99K,$0.0000
CUMMIES,0x27Ae27110350B98d564b9A3eeD31bAeBc82d878d,376.07,491.81K,$0.0000
TEM,0x19e6BfC1A6e4B042Fb20531244D47E252445df01,375.54,534.19K,$0.0000
TCG2,0xF73d8276C15Ce56b2f4AeE5920e62F767A7f3aEA,357.98,1.18M,$0.0000
STONE,0xC9EF9C76b2df7b544D6c0A4ca0fe92C0EC66c3c5,349.10,1.40M,$0.0000
STBTC,0xf6718b2701D4a6498eF77D7c152b2137Ab28b8A3,292.01,504.88K,$0.0000
4JNET,0xbfb1a68962Fb4ED040FD3a0a71dC2C2015BCc667,251.68,1.34M,$0.0000
ELEPHANT,0xE283D0e3B8c102BAdF5E8166B73E02D96d92F688,251.50,35.75M,$0.0000
SAFEMARS,0x3aD9594151886Ce8538C1ff615EFa2385a8C3A88,250.31,2.79M,$0.0000
AFRO,0x2F4e9c97aAFFD67D98A640062d90e355B4a1C539,238.77,1.75M,$0.0000
BITCOIN,0x71CCe0035d82c21Cf4b908bcd8F1117fFf0Fa623,198.61,1.12M,$0.0000
AU,0x8Ea2f890CB86DFb0E376137451c6fD982AFefc15,189.21,1.09M,$0.0000
JPMORGAN,0xb847541705E7386022A8473318791D05fb36D79d,185.95,1.71M,$0.0000
CHANEL,0x421a8D17e12A19d79e855e2AB9A53F623279f5a3,185.82,4.56M,$0.0000
BONFIRE,0x5e90253fbae4Dab78aa351f4E6fed08A64AB5590,182.08,7.39M,$0.0000
WOR,0xd6edbB510af7901b2C049ce778b65a740c4aeB7f,160.00,547.46K,$0.0000
DEXT,0xe91a8D2c584Ca93C7405F15c22CdFE53C29896E3,146.50,491.07K,$0.0000
CLIMB,0x2A1d286ed5edAD78BeFD6E0d8BEb38791e8cD69d,136.93,783.31K,$0.0000
ECP,0x375483CfA7Fc18F6b455E005D835A8335FbdbB1f,129.66,2.35M,$0.0000
RCM,0x7102f5bb8Cb3C6e7d085626E7a1347AafDf001f6,126.06,578.38K,$0.0000
WRUB,0x72f74Fb5382a7A49B5c6e8437A04D65bf2ff5736,114.84,948.46K,$0.0000
BIN4NCE,0x0C27f037074178267d89F68cA32BC4ffD1901927,110.94,1.02M,$0.0000
PORNROCKET,0xCF9f991b14620f5ad144Eec11f9bc7Bf08987622,103.69,3.79M,$0.0000
HARE,0x4AFc8c2Be6a0783ea16E16066fde140d15979296,98.68,2.14M,$0.0000
GMEX,0xE9d78BF51ae04c7E1263A76ED89a65537B9cA903,95.33,1.09M,$0.0000
GOLD,0xb3a6381070B1a15169DEA646166EC0699fDAeA79,89.74,1.12M,$0.0000
SAFUU,0xE5bA47fD94CB645ba4119222e34fB33F59C7CD90,81.94,2.20M,$0.0000
FTN,0x1045971c168B5294aCbc8727a4f1C9e1AF99f6d0,72.92,1.00M,$0.0000
MOONTOKEN,0x81E4d494b85A24a58a6BA45c9B418b32a4E039de,65.64,3.11M,$0.0000
FANSHEN,0xD7314b37a63b47A52cAe00f8cBDf0EB2A81EE672,64.00,1.69M,$0.0000
IDO,0x617bA3d39E96C084E60C6db3f7B365A96eE4e555,63.42,602.41K,$0.0000
KABOSU,0x4A824eE819955A7D769e03fe36f9E0C3Bd3Aa60b,62.48,3.89M,$0.0000
FSAFE,0xEE738a9e5FB78c24D26ceCD30389ED977C38D0Ca,61.40,796.57K,$0.0000
VCG,0x1F36FB2D91d9951Cf58aE4c1956C0b77e224F1E9,58.47,741.82K,$0.0000
KAVA,0x5F88AB06e8dfe89DF127B2430Bba4Af600866035,58.19,756.15K,$0.0000
MOONSTAR,0xCe5814eFfF15D53EFd8025B9F2006D4d7D640b9B,56.76,1.63M,$0.0000
100X,0x016C285d5b918B92aa85EF1e147498BADfe30d69,51.07,543.82K,$0.0000
XLD,0xDaf4F11947E73f0eeBEf4a820f4Be9B854aa993B,38.31,503.17K,$0.0000
BLACK HOLE,0x4c5d122CF8da182b9EfFcCBa746aF66D346Ec3be,36.64,604.96K,$0.0000
BABYSHIBAINU,0xAECf6d1afF214feF70042740054f0f6D0Caa98Ab,32.44,3.54M,$0.0000
BRC,0xbcB29423ADA483eFEA287FaB056bDF698cF9f788,31.22,622.72K,$0.0000
SAFERMOON,0xA656F993bD14B2B59a28d1e610476AD18849b107,30.32,570.60K,$0.0000
BGVT,0xa03110800894b3CcF8723D991d80875561F96777,27.62,1.95M,$0.0000
MOONBAR,0x47e28936D9c7944D106e46295d87A8E4c1Be818c,25.79,729.22K,$0.0000
SUPER,0x51BA0b044d96C3aBfcA52B64D733603CCC4F0d4D,24.85,700.84K,$0.0000
SMARS,0xC0366a104b429f0806BfA98d0008DAA9555b2BEd,23.19,2.15M,$0.0000
DOGEKING,0x641EC142E67ab213539815f67e4276975c2f8D50,21.05,1.63M,$0.0000
EVERETH,0x16dCc0eC78E91e868DCa64bE86aeC62bf7C61037,19.11,511.83K,$0.0000
UFD,0x936685c7D81a03a204219Cc7D0E61684c65471CA,18.90,583.67K,$0.0000
SAVE,0x159802FBE16Aa6a0863a56a18DD41Afce546c93E,18.46,599.95K,$0.0000
BABYCAKE,0xdB8D30b74bf098aF214e862C90E647bbB1fcC58c,18.45,910.20K,$0.0000
ENTS,0x9240c44eE90D058b0b17AbABE0f74Ab1A205ae04,17.17,1.71M,$0.0000
CACT,0x6fbFf934ec9D724450E66d9AcE621cb7E67CeB5A,17.03,1.34M,$0.0000
JHY,0x30Bea8Ce5CD1BA592eb13fCCd8973945Dc8555c5,16.34,799.54K,$0.0000
UPBNB,0x1759254EB142bcF0175347D5A0f3c19235538a9A,14.84,542.21K,$0.0000
SDX,0x510AeB87665D3fCE5395a62045C5B7aE8990bf35,11.43,602.16K,$0.0000
RING,0x521ef54063148E5F15F18B9631426175ceE23DE2,10.76,952.90K,$0.0000
REAU,0x4c79b8c9cB0BD62B047880603a9DEcf36dE28344,8.90,654.67K,$0.0000
LAVA,0xfaFf5251EA98f90540D6BacDf7A458f61b456C06,6.90,496.35K,$0.0000
GHOSTFACE,0x0952dDFfDE60786497C7CEd1f49B4A14cF527f76,6.18,1.08M,$0.0000
TSION+,0x1cd740C327fFC5f0C50704aE3A97cE7d0A4aa858,6.09,1.74M,$0.0000
TAMA,0x0F1C6791a8b8D764c78dd54F0A151EC4D3A0c090,5.23,520.30K,$0.0000
NCAT,0x0cF011A946f23a03CeFF92A4632d5f9288c6C70D,5.12,618.78K,$0.0000
BASHTANK,0x484312A0AAeaE3aE36a74FF3e294246F35dDDf4F,4.51,511.43K,$0.0000
PETO,0xe327eD2037F133cdA9F56171b68B6b7b4Dfa6175,4.32,546.98K,$0.0000
DADDYDOGE,0x7ccE94C0B2C8aE7661f02544E62178377Fe8cF92,4.22,3.28M,$0.0000
DOOGEE,0xdDa82F136576AE87d2702BB05370aF274Ce71dd5,4.12,913.66K,$0.0000
SMRAT,0x68590a47578E5060a29fd99654f4556dBfa05D10,3.66,1.60M,$0.0000
ALME,0x69df2aAEA7a40DAD19c74E65192df0d0F7F7912B,3.55,3.78M,$0.0000
SYA,0x83A86adf1a7c56e77d36d585B808052e0a2aAD0e,3.54,1.80M,$0.0000
BLAST,0xDdC0dBd7dC799ae53A98a60b54999cb6eBb3Abf0,3.13,710.90K,$0.0000
DOBO,0xAe2DF9F730c54400934c06a17462c41C08a06ED8,3.10,2.46M,$0.0000
EDOGE,0x163f182C32d24A09d91EB75820cDe9FD5832b329,2.66,971.43K,$0.0000
GM,0xA55C1e67039B6d59E91eb4cDa2bfc5A854989102,2.56,1.23M,$0.0000
GBT,0x90a7253B4DC957257A363B9960cA383d241Bd01f,2.07,763.72K,$0.0000
ULTRA,0x0b3f42481C228F70756DbFA0309d3ddC2a5e0F6a,1.93,1.08M,$0.0000
WISB,0x4f491d389A5bF7C56bd1e4d8aF2280fD217C8543,1.84,679.65K,$0.0000
DOP,0xEcF32d9c60a75880B4E28A09da059dDa8BB114F9,1.69,812.62K,$0.0000
SAFERUNE,0x862827E70221C3A0BA27aB608DDfE4d5D3Fe27C2,1.58,658.66K,$0.0000
PXL,0x5B2b5BD1e5C53870fE135Fb7b289D686f762858d,1.52,541.67K,$0.0000
AQUAGOAT,0x07af67b392B7A202fAD8E0FBc64C34F33102165B,1.51,989.42K,$0.0000
GFX,0x7777Ca3b39f446d4b3472d6ea5080682686a7777,1.45,952.01K,$0.0000
SBNB,0xE90444C38a8Cd2DCEEe9D954042ac817a794E9A9,1.27,1.95M,$0.0000
USDE,0x5d3a1Ff2b6BAb83b63cd9AD0787074081a52ef34,1.00,5.00M,$0.0000
THUGS,0xE10e9822A5de22F8761919310DDA35CD997d63c0,0.98,4.63M,$0.0000
NICHEMAN,0xF27580F6a58FF785c60B7c15fD394AB442aAA451,0.96,683.32K,$0.0000
ZEP,0x2E291e1c9f85a86d0C58Ae15621aaC005a8b2EAD,0.96,2.64M,$0.0000
YUMMY,0x05F2dF7B3D612A23fe12162A6c996447dCE728a5,0.95,1.03M,$0.0000
SAFEBTC,0x380624A4a7e69dB1cA07deEcF764025FC224D056,0.91,1.14M,$0.0000
BSHIBA,0x6158b3435DC3bc54a19A32Da2A2ed22aeC3bEF3e,0.88,541.82K,$0.0000
SAFEMOONCASH,0xF017E2773e4ee0590C81D79ccbcF1B2De1D22877,0.81,717.26K,$0.0000
DGN,0x72f28c09be1342447fa01Ebc76eF508473d08c5c,0.80,505.62K,$0.0000
PUPDOGE,0x3220CCbbC29d727Bde85b7333D31b21e0d6bC6F4,0.75,2.27M,$0.0000
HOTDOGE,0x1991501f1398663F69dD7391C055bb0DF6514F76,0.55,558.56K,$0.0000
SABAKA INU,0xC30F12CD65f61ded24db6C415C84F999C9704eBC,0.44,492.84K,$0.0000
BATH,0x0bc89aa98Ad94E6798Ec822d0814d934cCD0c0cE,0.37,725.73K,$0.0000
XSPACE,0xAD90c05BC51672eEdfeE36E58b3ff1A78bbC146d,0.30,553.77K,$0.0000
EARNX,0x9C28E48Ea9170d9A9cB76d338655b8bd4124BC7A,0.27,621.38K,$0.0000
HASH,0x555d8355a31d62c68e13074baE90dc548Ab6faF9,0.20,770.30K,$0.0000
BR34P,0xa86d305A36cDB815af991834B46aD3d7FbB38523,0.16,520.18K,$0.0000
PINKM,0xb6090a50f66046E3c6aFB9311846a6432E45060A,0.10,1.48M,$0.0000
ADMONKEY,0xF69e4cCc9Bf335d8046fBFa8eC752930c785FE71,0.09,606.03K,$0.0000
CRUX,0xe0191fEfdd0D2B39b1a2E4E029cCDA8A481b7995,0.09,838.24K,$0.0000
MSC,0xeacAd6c99965cDE0f31513dd72DE79FA24610767,0.04,679.68K,$0.0000
SAFETOKEN,0x31045e7023e6c388F9447E632a3f9EaFF90393fa,0.03,515.55K,$0.0000
VNDC,0xA276DC434A366C62ef010585b3885D0C85154389,0.03,600.77K,$0.0000
HG,0x5DDD28577a7635372517Cc52dDAcbCd05e48C87f,0.03,500.10K,$0.0000
SAFESPACE,0xe1DB3d1eE5CfE5C6333BE96e6421f9Bd5b85c987,0.03,649.37K,$0.0000
SPE,0xdBaAa36B347d56b77Ce0e36f050fCeEBbF9fbc38,0.03,1.65M,$0.0000
OCTA,0x86c3E4FfAcdB3AF628ef985a518cd6ee22A22b28,0.02,529.13K,$0.0000
MAGICDOGE,0x46568808a8d73c301071b8dF710402Ce44F1C472,0.01,661.54K,$0.0000
MW,0x6fE09c7C24f69D8E122d92b4ccc343c86f4676Cf,0.01,521.68K,$0.0000
ATNT,0x9e78CF4e35896d59314254Af06e955Bd5C946644,0.01,525.87K,$0.0000
MMP,0x768d221E81524De52841AeD976370b2e4F990416,0.00,695.19K,$0.0000
DOGEFATHER,0x3D29Aa78fB558F84112bbC48a84F371147A920C9,0.00,1.41M,$0.0000
VRV,0x4f37E59cae4F7b093c67DBFF638aC259B21972E9,0.00,668.52K,$0.0000
FECLIPSE,0x4f45F6025be6C65573dAa0b9965a75e837848Da0,0.00,814.88K,$0.0000
ANUBI,0xAB844d316B5a5093b7e7EdDE11cc08BeCCA36d1C,0.00,887.35K,$0.0000
BARMY,0x2C80bC9bFa4EC680EfB949C51806bDDEE5Ac8299,0.00,2.40M,$0.0000
SAFEICARUS,0xD2f9B51C6a1b5598f0ea51eF95d70cB045692D0F,0.00,782.77K,$0.0000
PINKSALE,0x602bA546A7B06e0FC7f58fD27EB6996eCC824689,0.00,2.86M,$0.0000
LIFE,0xB85bd3d59BE7D540c1B9D90f0e5271e79d2DDb40,0.00,1.95M,$0.0000
ARA,0x5542958FA9bD89C96cB86D1A6Cb7a3e644a3d46e,0.00,1.93M,$0.0000
JIGSAW,0x35E446a313369F2CCa5592E62dB9edBB23233Dd2,0.00,1.92M,$0.0000
PARTI,0x375939E867dF4d3C53f4964eBbeA7875De41F1f3,0.00,1.87M,$0.0000
HAPPY,0xB0B924C4a31b7d4581a7F78F57ceE1E65736Be1D,0.00,1.85M,$0.0000
PIGGY,0xCd2eCd5e06b1a330789B30e8AdA3D11c51503a71,0.00,1.48M,$0.0000
DEEPSEEK,0x47837b7715134AC2798D6280Ef8BAc81864F52bf,0.00,1.36M,$0.0000
DINA,0xa75e17A061Ed826C65F138B7A85B44c5D3156afF,0.00,1.26M,$0.0000
RV,0xD220A01160e5b75D136Fc93b9CD0dd8990bf8C89,0.00,1.23M,$0.0000
BBOXER,0xeD7ed82D5A0f1B363309223975f899E7BEd5Fea6,0.00,1.21M,$0.0000
DOGO,0x8fF0bc01087e76428B08C373B66D3A792b13284E,0.00,1.13M,$0.0000
OUT,0x02634E559651Ac67B8a3c73B15C8CF79b31242Ec,0.00,1.08M,$0.0000
WHALE,0x587C16b84c64751760f6e3e7e32F896634704352,0.00,1.06M,$0.0000
SAT,0x1e446CbEa52BAdeB614FBe4Ab7610F737995fB44,0.00,1.03M,$0.0000
BFLOKI,0x02a9D7162BD73c2b35c5Cf6cDD585e91928c850A,0.00,981.02K,$0.0000
DBZ,0x7a983559e130723B70e45bd637773DbDfD3F71Db,0.00,979.16K,$0.0000
WOID,0xeE878855bb65bD9D724d4946aa32bA7d988d1939,0.00,968.17K,$0.0000
TRUMP,0x02802FF55219a5C24C0a8A459EBeC8EE037CC82a,0.00,958.70K,$0.0000
GVR,0xaFb64E73dEf6fAa8B6Ef9a6fb7312d5C4C15ebDB,0.00,928.53K,$0.0000
GAC,0x9994e48865DDAf7b026d97aA79F11E7a7a80dF20,0.00,912.10K,$0.0000
DIP,0x6Dc28544977C58449CAB876243b204aec698D872,0.00,884.02K,$0.0000
HIVE,0x860314608176498Cf63d9f88f06E8131B699f843,0.00,864.45K,$0.0000
QILIN,0xA2ef8FD3B704048Ca4E5f613F7F5B1B94374af8c,0.00,837.80K,$0.0000
OW,0x7D2B2b15f1023425647626C4e411beA51F1aC0CD,0.00,806.66K,$0.0000
RMC,0x2b79BF838d002696C97EDc83C9021527d1fD1d93,0.00,794.06K,$0.0000
SOLAR,0x5F00052b8c81a799b4f3bbC9eA2A1b7Ecd06fba6,0.00,771.73K,$0.0000
SHIBBY,0xB1035523a844371C2877f8a3b2F2f8d337403b6F,0.00,750.68K,$0.0000
KRAKBABY,0x4D79DA6F390D9E9d475802a693353C3715b7Bd75,0.00,736.70K,$0.0000
BOXERDOGE,0x5c70b22F1E6aB0f1cDe92bbBaF18568Baf67b13f,0.00,732.12K,$0.0000
EVILSQUID,0xA6bd5f3eb53F76AEe9250088643989e610066F74,0.00,728.01K,$0.0000
AFNTY,0xFACE67C5CE2bb48c29779b0Dede5360cC9ef5fd5,0.00,720.74K,$0.0000
CCC,0x5f0F183F48eB23dE037dB66a0FbDC962174EF39a,0.00,720.58K,$0.0000
PFIRE,0x96E2EcE2Dda4C15c28A0173171308Aa44A32c7ea,0.00,709.95K,$0.0000
KAREN,0xFD42728b76772A82cCaD527E298Dd15A55F4DdD6,0.00,703.06K,$0.0000
ORGN,0x2AeFfe9A7Ff1661c14B4B478f24535f6Cd6F19bA,0.00,702.61K,$0.0000
PRAI,0xcFFdbD5EC089C63f11749cBa36887329415Aa1C8,0.00,684.50K,$0.0000
DCF,0xcCaF3CBD006Ff6636F12BE9fE6CA7A0B0089E395,0.00,678.05K,$0.0000
RLRF,0xbd1684d9251F29655347cD1f5450b4998E0807C2,0.00,672.58K,$0.0000
PMPX,0x08966C99488e34d5502bd7F0393d1BeB714617BA,0.00,671.00K,$0.0000
NEXUS,0x14EC48f670265E15B9aF18b810044544c3366584,0.00,669.90K,$0.0000
FHSN,0x2e9D1fE4aa09BC9A4AdE65942fA24F56CC6D20fa,0.00,661.10K,$0.0000
SPHS,0x8B5196774Aba913F2AEBE4153AaaDe8C8a4ecF24,0.00,646.70K,$0.0000
PUBE,0x3916984fa787d89B648Ccd8d60B5ff07E0E8e4F4,0.00,645.56K,$0.0000
MLMR,0xE0998616BFf6cB1214A7C92950e24708b25c7B59,0.00,641.60K,$0.0000
LOVE,0xaCE3D31EBAc0C3DdfC1D2aa5C5EcC8c67509d15c,0.00,640.30K,$0.0000
AGGL,0x1042aA383CAb145dc77121ca75650804A5c134ff,0.00,638.87K,$0.0000
SPRT,0xb6B86565353360BC2582834380F38Fd240A6c633,0.00,633.32K,$0.0000
FALCX,0x2D862c9FC46608d7ff83293cEB83330D6135BE5E,0.00,620.30K,$0.0000
CIPHER,0x7f881EF41D05268BD354926987bd8165E0cAB7d3,0.00,615.31K,$0.0000
SNSN,0xEEb4270cd91976403DA06B78a8966F5E8A700c28,0.00,610.18K,$0.0000
HLHR,0xCDb79DC0A792dc79A012AE4AeBdF1D0782F01753,0.00,581.32K,$0.0000
RBC,0x6126F7Cd452eaEfef1ffB0161c5De870A3037E50,0.00,579.34K,$0.0000
FUSION,0xF26aBD4860fbBfE2977342E9633e90D8eF83C0E3,0.00,579.24K,$0.0000
PLUTO,0x6572D6C6f16addd8b2301541CE780B0a85bE93A4,0.00,571.66K,$0.0000
VRG,0x4320196F6a13B2877dF59517ab159719d50b279d,0.00,570.73K,$0.0000
GNC,0x94Ca49AA609B95033Ab7D23aBde023397D301fff,0.00,570.13K,$0.0000
TRTL,0x12E10994Ee5a8bB5F455fa9fd82689D9a122325d,0.00,568.94K,$0.0000
LUNAR,0x1C7d14725CF4CA4D723fCc15720f29bd4767491d,0.00,567.86K,$0.0000
CHRONO,0x06ec1D157C9060a922996E6DBC64b17Ff335F0db,0.00,566.62K,$0.0000
AARK,0x5D54881312E7023d977acFDBeF8646e142104EaB,0.00,562.54K,$0.0000
NFT,0x39aC7E48d85c3964588754E383b5307781f6eE7C,0.00,559.40K,$0.0000
XPERPS,0xaCe740F7022fF41aEEEEfB33e285b9DD5f0b8760,0.00,556.66K,$0.0000
SUSDA,0x73a325103935b0B5E7AA3acA6dba74AD22f82B03,0.00,553.66K,$0.0000
ELM,0xeE351682cDA9551F8EED6349F6237caB75F8c495,0.00,547.92K,$0.0000
OP,0x80f3C51A3fBDC38194852Ee239e729CcD2c0c40c,0.00,547.60K,$0.0000
AIQ,0xb5dD0a68656c711eA087ed7665489cAaD7E00055,0.00,545.37K,$0.0000
ARX,0x583794299fb410a975D3Db8DDa6b653FFFfbdf42,0.00,544.25K,$0.0000
YYK,0xed5CE87C7E94A55A7E60c397501D0a7dc664A335,0.00,543.40K,$0.0000
RISKMOON,0xa96f3414334F5A0A529ff5d9D8ea95f42147b8C9,0.00,533.11K,$0.0000
LOF,0xB3225aC90B741f762BecA76dEA1eaD278Ef26A96,0.00,529.87K,$0.0000
CRAZYTIME,0x94241428E0E36DF628E0C2485bC0e158A5dA3362,0.00,529.28K,$0.0000
DFP,0x63795d68201b541006C40cA4cE2F88ab7A01A56e,0.00,524.81K,$0.0000
PLK,0xb4C96349364B8Fd7c4148C038486eD6D5fBFD1c2,0.00,522.30K,$0.0000
QQQ,0x6BEbe58388aeEdB008A0988943Bf9483A01E9727,0.00,521.81K,$0.0000
TACOCAT,0xA8fcEe78B782eF97380326E90DF80D72f025f020,0.00,515.85K,$0.0000
NNX,0x92FB9Bcd52512dd6C7e77951f46859e32A689182,0.00,515.60K,$0.0000
OX,0xdBe623718D0dFf266F924D410F099D512b2fCD23,0.00,514.02K,$0.0000
MELANIA,0xd966F53E717b13a0A97Fded43691Aa8D7839FfCa,0.00,508.73K,$0.0000
HCN,0x6eD1bB2bf828D87b65e0129fc357eeAAa57d1e42,0.00,507.39K,$0.0000
PGM,0xCfD65682c906b7db4c3e9e6de92D828671C7c614,0.00,506.73K,$0.0000
VTV,0x0b1Fb72f10F4696e89a6Aa6BACD08cd9B8AD4524,0.00,506.07K,$0.0000
VTV,0x9efB412e3A93BdA047e2D63D411dCcE3FD8abBEe,0.00,504.20K,$0.0000
NNX,0xD1817673511C7a4747327E0ad1e038E286DC9bb9,0.00,502.10K,$0.0000
SLS,0x4e3De1C013816905DE24952b053e4f03FaA035D1,0.00,499.12K,$0.0000
AAX,0x8FAD80ca60c87C5dA38Bf434A8aD785CB17c155A,0.00,498.94K,$0.0000
NFTC,0xEB4b7e19faEb989Ac595bC6a621b3101501bA781,0.00,497.93K,$0.0000
LXL,0x647c03e11b575Fc8AAc918124ba4391d242C8006,0.00,497.09K,$0.0000
CLE,0xe144125F0662Eb898F01F9D27ae0F6775F966Ee6,0.00,495.72K,$0.0000
SOKU,0x644622FbCcf7C1600BE5eDEDFCB2F4099D9a194F,0.00,490.21K,$0.0000
NOS,0x2903Ac9c7f56E1Ed637AEB8024007C85eAc0b5aa,0.00,489.07K,$0.0000
